Date,Children apprehended and placed in CBP custody*,Children in CBP custody,Children transferred out of CBP custody,Children in HHS Care,Children discharged from HHS Care,Month,HHS_7D_MA,HHS_14D_MA,HHS_7D_STD,Net_Pressure
2023-01-12,33.0,53.0,34.0,6566,436.0,1,,,,-402.0
2023-01-22,32.0,49.0,39.0,7122,227.0,1,,,,-188.0
2023-01-23,32.0,50.0,39.0,7280,181.0,1,,,,-142.0
2023-01-24,47.0,42.0,47.0,7433,175.0,1,,,,-128.0
2023-01-25,20.0,22.0,41.0,7538,180.0,1,,,,-139.0
2023-01-29,23.0,45.0,11.0,7472,303.0,1,,,,-292.0
2023-01-30,34.0,54.0,29.0,7743,196.0,1,7307.714285714285,,380.91762639084845,-167.0
2023-01-31,26.0,36.0,36.0,7803,158.0,1,7484.428571428572,,240.54165068504346,-122.0
2023-02-01,25.0,32.0,27.0,7903,231.0,2,7596.0,,225.04518064898204,-204.0
2023-02-02,15.0,13.0,23.0,7879,298.0,2,7681.571428571428,,196.99734105046142,-275.0
2023-02-05,16.0,18.0,15.0,7586,342.0,2,7703.428571428572,,171.6827084506526,-327.0
2023-02-06,11.0,22.0,12.0,7720,196.0,2,7729.428571428572,,155.47010124442488,-184.0
2023-02-07,16.0,20.0,20.0,7855,200.0,2,7784.142857142857,,110.7315501132147,-180.0
2023-02-08,93.0,196.0,169.0,7915,317.0,2,7808.714285714285,7558.214285714285,118.86506956168353,-148.0
2023-02-09,124.0,234.0,161.0,7908,353.0,2,7823.714285714285,7654.071428571428,124.51467689354465,-192.0
2023-02-12,92.0,203.0,173.0,7434,317.0,2,7756.714285714285,7676.357142857143,185.82762109520763,-144.0
2023-02-13,186.0,259.0,172.0,7483,244.0,2,7700.142857142857,7690.857142857143,201.9714737047677,-72.0
2023-02-14,154.0,225.0,220.0,7794,223.0,2,7729.857142857143,7716.642857142857,197.63386060374933,-3.0
2023-02-15,91.0,199.0,172.0,7869,290.0,2,7751.142857142857,7740.285714285715,204.3064924498047,-118.0
2023-02-16,81.0,213.0,153.0,7793,361.0,2,7742.285714285715,7763.214285714285,200.35943891392802,-208.0
2023-02-20,209.0,285.0,184.0,7817,209.0,2,7728.285714285715,7768.5,189.40407799702763,-25.0
2023-02-21,184.0,314.0,217.0,7967,213.0,2,7736.714285714285,7780.214285714285,199.7637890824329,4.0
2023-02-22,107.0,215.0,230.0,7978,232.0,2,7814.428571428572,7785.571428571428,165.19670814199426,-2.0
2023-02-23,101.0,162.0,178.0,7914,386.0,2,7876.0,7788.071428571428,78.81624198094237,-208.0
2023-02-26,99.0,190.0,176.0,7609,323.0,2,7849.571428571428,7789.714285714285,127.1139346450695,-147.0
2023-02-27,167.0,239.0,166.0,7800,248.0,2,7839.714285714285,7795.428571428572,128.02827068751958,-82.0
2023-02-28,115.0,216.0,169.0,7896,200.0,2,7854.428571428572,7798.357142857143,127.68301524067704,-31.0
2023-03-01,84.0,158.0,193.0,7930,307.0,3,7870.571428571428,7799.428571428572,129.29534297214343,-114.0
2023-03-02,130.0,227.0,192.0,7870,335.0,3,7856.714285714285,7796.714285714285,122.24390139622506,-143.0
2023-03-07,88.0,214.0,160.0,7859,259.0,3,7839.714285714285,7827.071428571428,110.2523080419185,-99.0
2023-03-08,113.0,208.0,159.0,7885,291.0,3,7835.571428571428,7855.785714285715,107.50636747475812,-132.0
2023-03-09,174.0,285.0,150.0,7786,340.0,3,7860.857142857143,7855.214285714285,51.6282499265157,-190.0
2023-03-13,104.0,230.0,206.0,7567,249.0,3,7827.571428571428,7833.642857142857,123.07566391296788,-43.0
2023-03-14,147.0,276.0,214.0,7810,181.0,3,7815.285714285715,7834.857142857143,119.34224494524258,33.0
2023-03-15,108.0,220.0,213.0,7915,286.0,3,7813.142857142857,7841.857142857143,117.05188104913869,-73.0
2023-03-16,180.0,280.0,146.0,7989,308.0,3,7830.142857142857,7843.428571428572,134.08756911240857,-162.0
2023-03-19,134.0,294.0,186.0,7885,306.0,3,7833.857142857143,7836.785714285715,135.37408488016308,-120.0
2023-03-20,202.0,313.0,158.0,7931,279.0,3,7840.428571428572,7838.0,139.3291751487023,-121.0
2023-03-21,110.0,272.0,193.0,8050,221.0,3,7878.142857142857,7869.5,156.77843024623877,-28.0
2023-03-22,166.0,277.0,229.0,8097,246.0,3,7953.857142857143,7890.714285714285,98.6887845222267,-17.0
2023-03-23,136.0,276.0,178.0,8102,331.0,3,7995.571428571428,7905.428571428572,88.98287689747141,-153.0
2023-03-26,87.0,246.0,173.0,7847,352.0,3,7985.857142857143,7899.5,102.00396817677102,-179.0
2023-03-27,84.0,171.0,157.0,7994,235.0,3,7986.571428571428,7908.357142857143,102.04714130056382,-78.0
2023-03-28,167.0,209.0,157.0,8079,223.0,3,8014.285714285715,7924.071428571428,96.03074904374563,-66.0
2023-03-29,109.0,245.0,159.0,8208,267.0,3,8053.857142857143,7947.142857142857,111.77272859307338,-108.0
2023-03-30,156.0,256.0,176.0,8158,359.0,3,8069.285714285715,7973.714285714285,118.40849390381318,-183.0
2023-04-02,125.0,232.0,192.0,7981,304.0,4,8052.714285714285,8003.285714285715,121.94768589537104,-112.0
2023-04-03,118.0,139.0,168.0,8054,284.0,4,8045.857142857143,8020.714285714285,120.04919626472943,-116.0
2023-04-04,142.0,235.0,139.0,8068,259.0,4,8077.428571428572,8031.642857142857,82.09721299136949,-120.0
2023-04-05,148.0,245.0,175.0,8175,260.0,4,8103.285714285715,8044.928571428572,79.91602735727801,-85.0
2023-04-06,119.0,219.0,210.0,8178,284.0,4,8117.428571428572,8065.857142857143,83.57802171793388,-74.0
2023-04-09,105.0,210.0,149.0,7900,329.0,4,8073.428571428572,8063.642857142857,106.01235327836547,-180.0
2023-04-10,143.0,203.0,163.0,7826,265.0,4,8026.0,8047.642857142857,132.7616912616919,-102.0
2023-04-11,119.0,209.0,152.0,7922,187.0,4,8017.571428571428,8035.142857142857,137.86933082071064,-35.0
2023-04-12,155.0,212.0,181.0,7876,283.0,4,7992.142857142857,8019.0,146.194423709688,-102.0
2023-04-13,109.0,214.0,173.0,7795,370.0,4,7953.142857142857,8015.285714285715,158.48283668526358,-197.0
2023-04-16,191.0,283.0,192.0,7380,272.0,4,7839.571428571428,7971.428571428572,237.93686637625376,-80.0
2023-04-17,170.0,297.0,196.0,7344,248.0,4,7720.428571428572,7918.928571428572,248.7889715822463,-52.0
2023-04-18,152.0,272.0,214.0,7376,234.0,4,7645.571428571428,7859.5,264.11352176848504,-20.0
2023-04-19,239.0,367.0,224.0,7356,229.0,4,7578.428571428572,7802.214285714285,270.2701470398688,-5.0
2023-04-20,113.0,280.0,237.0,7490,320.0,4,7516.714285714285,7767.142857142857,224.12549630784596,-83.0
2023-04-23,196.0,306.0,187.0,7534,266.0,4,7467.857142857143,7730.0,161.1918407482521,-79.0
2023-04-24,236.0,330.0,222.0,7796,213.0,4,7468.0,7710.571428571428,161.53018293805144,9.0
2023-04-25,81.0,230.0,242.0,8017,202.0,4,7559.0,7699.285714285715,255.68274612626254,40.0
2023-04-26,118.0,245.0,160.0,8117,256.0,4,7669.428571428572,7694.928571428572,308.7662854775746,-96.0
2023-04-27,218.0,283.0,208.0,8159,310.0,4,7781.285714285715,7713.428571428572,326.091865525506,-102.0
2023-04-30,132.0,243.0,183.0,8352,293.0,4,7923.571428571428,7751.0,326.89083659169603,-110.0
2023-05-01,224.0,315.0,152.0,8492,237.0,5,8066.714285714285,7791.714285714285,324.76746259732477,-85.0
2023-05-02,167.0,326.0,213.0,8654,245.0,5,8226.714285714286,7847.285714285715,292.90596573286916,-32.0
2023-05-03,209.0,353.0,232.0,8704,267.0,5,8356.42857142857,7912.214285714285,270.5764569352238,-35.0
2023-05-04,153.0,253.0,286.0,8790,332.0,5,8466.857142857143,8012.928571428572,266.6711011536049,-46.0
2023-05-07,180.0,337.0,219.0,8485,375.0,5,8519.42857142857,8094.428571428572,218.04575753944934,-156.0
2023-05-08,133.0,287.0,189.0,8590,261.0,5,8581.0,8181.142857142857,149.33072914395893,-72.0
2023-05-09,187.0,310.0,247.0,8606,250.0,5,8617.285714285714,8270.42857142857,110.1252533643899,-3.0
2023-05-10,168.0,285.0,210.0,8681,304.0,5,8644.285714285714,8355.5,96.63111004521781,-94.0
2023-05-11,269.0,412.0,204.0,8672,392.0,5,8646.857142857143,8436.785714285714,97.17068929025059,-188.0
2023-05-14,100.0,255.0,236.0,8445,288.0,5,8609.857142857143,8483.142857142857,118.7089277342236,-52.0
2023-05-15,205.0,294.0,177.0,8571,277.0,5,8578.57142857143,8522.714285714286,88.27770036057808,-100.0
2023-05-16,161.0,304.0,211.0,8572,272.0,5,8591.0,8555.214285714286,78.48991442641704,-61.0
2023-05-17,57.0,162.0,193.0,8569,307.0,5,8588.0,8584.5,78.93457206234972,-114.0
2023-05-18,80.0,122.0,152.0,8474,351.0,5,8569.142857142857,8593.214285714286,89.03824753334494,-199.0
2023-05-21,107.0,170.0,133.0,7826,343.0,5,8447.0,8545.642857142857,283.6911466131201,-210.0
2023-05-22,99.0,156.0,139.0,7848,240.0,5,8329.285714285714,8488.07142857143,340.11356646749425,-101.0
2023-05-23,25.0,66.0,94.0,7788,246.0,5,8235.42857142857,8422.642857142857,389.87171272221485,-152.0
2023-05-24,35.0,70.0,53.0,7709,276.0,5,8112.285714285715,8345.42857142857,402.1544953065167,-223.0
2023-05-25,43.0,73.0,64.0,7546,408.0,5,7965.714285714285,8278.357142857143,393.558430344516,-344.0
2023-05-29,41.0,60.0,71.0,6996,207.0,5,7741.0,8164.5,438.224828141904,-136.0
2023-05-30,65.0,83.0,65.0,7046,168.0,5,7537.0,8053.071428571428,366.66742424164335,-103.0
2023-05-31,38.0,80.0,82.0,7053,210.0,5,7426.571428571428,7936.785714285715,381.2356476611549,-128.0
2023-06-01,56.0,82.0,68.0,7002,287.0,6,7305.714285714285,7817.5,358.8076152507161,-219.0
2023-06-04,74.0,103.0,80.0,6555,292.0,6,7129.571428571428,7682.5,384.32748932078755,-212.0
2023-06-05,68.0,107.0,102.0,6523,189.0,6,6960.142857142857,7536.214285714285,345.80699268591604,-87.0
2023-06-06,92.0,124.0,93.0,6508,187.0,6,6811.857142857143,7388.785714285715,266.0760721870292,-94.0
2023-06-07,113.0,162.0,107.0,6483,208.0,6,6738.571428571428,7239.785714285715,277.3150177102208,-101.0
2023-06-08,106.0,196.0,131.0,6446,255.0,6,6652.857142857143,7094.928571428572,258.5468549228111,-124.0
2023-06-11,86.0,152.0,168.0,6007,238.0,6,6503.428571428572,6965.0,289.19247174552527,-70.0
2023-06-12,84.0,118.0,136.0,6021,177.0,6,6363.285714285715,6834.5,240.99703614063765,-41.0
2023-06-13,59.0,64.0,117.0,6061,146.0,6,6292.714285714285,6711.142857142857,247.73555409328097,-29.0
2023-06-14,62.0,97.0,52.0,6065,167.0,6,6227.285714285715,6593.714285714285,237.0279268255918,-115.0
2023-06-15,91.0,75.0,97.0,6038,272.0,6,6160.142857142857,6486.0,209.1908447418512,-175.0
2023-06-19,29.0,51.0,11.0,5679,142.0,6,6045.285714285715,6391.928571428572,222.66620330718706,-131.0
2023-06-20,33.0,53.0,34.0,5904,134.0,6,5967.857142857143,6310.357142857143,138.38644992848367,-100.0
2023-06-21,93.0,196.0,169.0,5922,149.0,6,5955.714285714285,6229.571428571428,138.10830808428545,20.0
2023-06-22,124.0,234.0,161.0,5956,207.0,6,5946.428571428572,6154.857142857143,135.1404912709417,-46.0
2023-06-25,92.0,203.0,173.0,5766,263.0,6,5904.285714285715,6098.5,139.38760619905776,-90.0
2023-06-26,186.0,259.0,172.0,5819,174.0,6,5869.142857142857,6048.214285714285,122.04702450479833,-2.0
2023-06-27,154.0,225.0,220.0,5917,155.0,6,5851.857142857143,6006.0,100.87852194830552,65.0
2023-06-28,91.0,199.0,172.0,5999,174.0,6,5897.571428571428,5971.428571428572,79.79318505330629,-2.0
2023-06-29,81.0,213.0,153.0,6058,213.0,6,5919.571428571428,5943.714285714285,100.42386360298667,-60.0
2023-07-02,209.0,285.0,184.0,5903,309.0,7,5916.857142857143,5936.285714285715,100.60389086482556,-125.0
2023-07-04,184.0,314.0,217.0,6127,124.0,7,5941.285714285715,5943.857142857143,128.5673808886626,93.0
2023-07-05,107.0,215.0,230.0,6193,167.0,7,6002.285714285715,5953.285714285715,132.7688646805823,63.0
2023-07-06,101.0,162.0,178.0,6239,205.0,7,6062.285714285715,5965.714285714285,131.02507938776884,-27.0
2023-07-09,99.0,190.0,176.0,6214,196.0,7,6104.714285714285,5978.285714285715,124.03858846573252,-20.0
2023-07-10,167.0,239.0,166.0,6346,163.0,7,6154.285714285715,6025.928571428572,142.68580201000483,3.0
2023-07-11,115.0,216.0,169.0,6498,143.0,7,6217.142857142857,6068.357142857143,184.10452517653334,26.0
2023-07-12,84.0,158.0,193.0,6521,210.0,7,6305.428571428572,6111.142857142857,154.0831562748515,-17.0
2023-07-13,130.0,227.0,192.0,6604,226.0,7,6373.571428571428,6157.428571428572,166.95993246171636,-34.0
2023-07-16,88.0,214.0,160.0,6468,218.0,7,6412.857142857143,6207.571428571428,148.7508303298227,-58.0
2023-07-17,113.0,208.0,159.0,6632,160.0,7,6469.0,6265.642857142857,146.34092615078424,-1.0
2023-07-18,174.0,285.0,150.0,6874,181.0,7,6563.285714285715,6334.0,165.964568794793,-31.0
2023-07-19,104.0,230.0,206.0,7001,226.0,7,6656.857142857143,6405.571428571428,203.45222909522002,-20.0
2023-07-20,147.0,276.0,214.0,7116,281.0,7,6745.142857142857,6481.142857142857,251.45339433742933,-67.0
2023-07-23,108.0,220.0,213.0,7052,276.0,7,6821.0,6563.214285714285,252.6572117844107,-63.0
2023-07-24,180.0,280.0,146.0,7220,187.0,7,6909.0,6641.285714285715,271.083627933042,-41.0
2023-07-25,134.0,294.0,186.0,7510,136.0,7,7057.857142857143,6735.357142857143,274.6297074070542,50.0
2023-07-26,202.0,313.0,158.0,7647,215.0,7,7202.857142857143,6835.928571428572,280.20494200463156,-57.0
2023-07-27,110.0,272.0,193.0,7754,259.0,7,7328.571428571428,6945.928571428572,304.43163279729947,-66.0
2023-07-30,166.0,277.0,229.0,7671,305.0,7,7424.285714285715,7040.571428571428,289.2223563775511,-76.0
2023-07-31,136.0,276.0,178.0,7800,220.0,7,7522.0,7133.571428571428,283.1907484364783,-42.0
2023-08-01,87.0,246.0,173.0,8103,168.0,8,7672.142857142857,7246.571428571428,270.8144682074619,5.0
2023-08-02,84.0,171.0,157.0,8261,271.0,8,7820.857142857143,7364.928571428572,266.94283318810375,-114.0
2023-08-03,167.0,209.0,157.0,8294,339.0,8,7932.857142857143,7495.357142857143,278.9787498308063,-182.0
2023-08-06,109.0,245.0,159.0,8298,322.0,8,8025.857142857143,7614.357142857143,276.2990098736522,-163.0
2023-08-07,156.0,256.0,176.0,8493,202.0,8,8131.428571428572,7730.0,295.61960757191184,-26.0
2023-08-08,125.0,232.0,192.0,8725,207.0,8,8282.0,7853.142857142857,290.39513310893125,-15.0
2023-08-09,118.0,139.0,168.0,8888,251.0,8,8437.42857142857,7979.714285714285,280.41092295826917,-83.0
2023-08-10,142.0,235.0,139.0,8914,353.0,8,8553.285714285714,8112.714285714285,286.6761903180355,-214.0
2023-08-16,148.0,245.0,175.0,9634,288.0,8,8749.42857142857,8285.142857142857,466.60256362452577,-113.0
2023-08-17,119.0,219.0,210.0,9694,407.0,8,8949.42857142857,8441.142857142857,534.0267961887765,-197.0
2023-08-20,105.0,210.0,149.0,9483,390.0,8,9118.714285714286,8572.285714285714,477.9894400109037,-241.0
2023-08-21,143.0,203.0,163.0,9668,281.0,8,9286.57142857143,8709.0,425.01131637599264,-118.0
2023-08-22,119.0,209.0,152.0,9921,230.0,8,9457.42857142857,8869.714285714286,401.37258548758666,-78.0
2023-08-23,155.0,212.0,181.0,10071,285.0,8,9626.42857142857,9031.92857142857,369.4350899878431,-104.0
2023-08-24,109.0,214.0,173.0,10026,443.0,8,9785.285714285714,9169.285714285714,221.49019111903624,-270.0
2023-08-27,191.0,283.0,192.0,9873,488.0,8,9819.42857142857,9284.42857142857,212.52204367467854,-296.0
2023-08-28,170.0,297.0,196.0,10012,388.0,8,9864.857142857143,9407.142857142857,215.21263018354597,-192.0
2023-08-29,152.0,272.0,214.0,10180,286.0,8,9964.42857142857,9541.57142857143,164.31560804641688,-72.0
2023-08-30,239.0,367.0,224.0,10280,366.0,8,10051.857142857143,9669.214285714286,141.54319549353713,-142.0
2023-08-31,113.0,280.0,237.0,10140,505.0,8,10083.142857142857,9770.285714285714,131.65666025887916,-268.0
2023-09-04,196.0,306.0,187.0,9988,293.0,9,10071.285714285714,9848.857142857143,136.57807814073627,-106.0
2023-09-05,236.0,330.0,222.0,10142,243.0,9,10087.857142857143,9936.57142857143,137.2035332047076,-21.0
2023-09-06,81.0,230.0,242.0,10356,291.0,9,10156.857142857143,9988.142857142857,132.51343148472108,-49.0
2023-09-07,118.0,245.0,160.0,10419,398.0,9,10215.0,10039.92857142857,146.87296097891357,-238.0
2023-09-10,218.0,283.0,208.0,10282,382.0,9,10229.57142857143,10097.0,147.87816735745452,-174.0
2023-09-11,132.0,243.0,183.0,10492,277.0,9,10259.857142857143,10155.857142857143,178.47168643006142,-94.0
2023-09-12,224.0,315.0,152.0,10649,316.0,9,10332.57142857143,10207.857142857143,220.2906089260291,-164.0
2023-09-13,167.0,326.0,213.0,10678,343.0,9,10431.142857142857,10251.214285714286,193.10828445164972,-130.0
2023-09-14,209.0,353.0,232.0,10837,414.0,9,10530.42857142857,10309.142857142857,198.26653537011774,-182.0
2023-09-17,153.0,253.0,286.0,10799,427.0,9,10593.714285714286,10375.285714285714,203.93112749640943,-141.0
2023-09-18,180.0,337.0,219.0,10892,313.0,9,10661.285714285714,10438.142857142857,214.48210048538928,-94.0
2023-09-19,133.0,287.0,189.0,11095,260.0,9,10777.42857142857,10503.5,194.0110453410863,-71.0
2023-09-20,187.0,310.0,247.0,11064,364.0,9,10859.142857142857,10559.5,173.08709616028477,-117.0
2023-09-21,168.0,285.0,210.0,11067,428.0,9,10918.857142857143,10625.714285714286,160.1243564354514,-218.0
2023-09-24,269.0,412.0,204.0,10744,403.0,9,10928.285714285714,10679.714285714286,144.78687128084584,-199.0
2023-09-25,100.0,255.0,236.0,10842,284.0,9,10929.0,10729.714285714286,144.27288957640246,-48.0
2023-09-26,205.0,294.0,177.0,10978,332.0,9,10954.57142857143,10774.142857142857,132.79791306471793,-155.0
2023-09-27,161.0,304.0,211.0,11017,331.0,9,10972.42857142857,10816.857142857143,131.37840657560403,-120.0
2023-09-28,57.0,162.0,193.0,10984,447.0,9,10956.57142857143,10867.0,120.3548325342378,-254.0
2023-10-01,80.0,122.0,152.0,10598,493.0,10,10890.0,10874.57142857143,169.76552457254303,-341.0
2023-10-02,107.0,170.0,133.0,10724,284.0,10,10841.0,10879.92857142857,159.34344458869228,-151.0
2023-10-03,99.0,156.0,139.0,10818,287.0,10,10851.57142857143,10889.92857142857,154.2074978106088,-148.0
2023-10-04,25.0,66.0,94.0,10963,330.0,10,10868.857142857143,10898.92857142857,159.64171193811808,-236.0
2023-10-05,35.0,70.0,53.0,11130,427.0,10,10890.57142857143,10922.57142857143,185.2456541487807,-374.0
2023-10-09,43.0,73.0,64.0,10815,282.0,10,10861.714285714286,10917.07142857143,177.85454195857594,-218.0
2023-10-10,41.0,60.0,71.0,10910,257.0,10,10851.142857142857,10903.857142857143,171.45886637091533,-186.0
2023-10-11,65.0,83.0,65.0,10960,266.0,10,10902.857142857143,10896.42857142857,132.56247404098627,-201.0
2023-10-12,38.0,80.0,82.0,10992,398.0,10,10941.142857142857,10891.07142857143,108.88285535627077,-316.0
2023-10-15,56.0,82.0,68.0,10571,434.0,10,10905.857142857143,10878.714285714286,175.24214539849476,-366.0
2023-10-16,74.0,103.0,80.0,10629,331.0,10,10858.142857142857,10863.5,200.70993047314036,-251.0
2023-10-17,68.0,107.0,102.0,10630,315.0,10,10786.714285714286,10838.642857142857,175.18344127026748,-213.0
2023-10-18,92.0,124.0,93.0,10511,393.0,10,10743.285714285714,10802.5,202.54687875968935,-300.0
2023-10-19,113.0,162.0,107.0,10319,406.0,10,10658.857142857143,10755.0,240.99753011983736,-299.0
2023-10-22,106.0,196.0,131.0,9506,454.0,10,10451.142857142857,10677.0,462.7553091975549,-323.0
2023-10-23,86.0,152.0,168.0,9436,327.0,10,10228.857142857143,10585.0,528.6723713137662,-159.0
2023-10-24,84.0,118.0,136.0,9396,300.0,10,10061.0,10483.42857142857,585.4234934359129,-164.0
2023-10-25,59.0,64.0,117.0,9351,293.0,10,9878.42857142857,10368.285714285714,577.9956335310768,-176.0
2023-10-26,62.0,97.0,52.0,9235,390.0,10,9679.142857142857,10232.92857142857,512.4468845878998,-338.0
2023-10-29,91.0,75.0,97.0,8925,418.0,10,9452.57142857143,10097.92857142857,426.81254946519914,-321.0
2023-10-30,29.0,51.0,11.0,9026,278.0,10,9267.857142857143,9963.357142857143,218.11421210878623,-267.0
2023-10-31,33.0,53.0,34.0,9072,295.0,10,9205.857142857143,9828.5,200.07617596930928,-261.0
2023-11-01,132.0,235.0,197.0,9250,279.0,11,9179.285714285714,9704.07142857143,175.22529715178123,-82.0
2023-11-02,174.0,208.0,256.0,9442,330.0,11,9185.857142857143,9623.42857142857,185.281253388378,-74.0
2023-11-05,123.0,230.0,167.0,9273,370.0,11,9174.714285714286,9526.57142857143,175.7969608059156,-203.0
2023-11-06,123.0,233.0,159.0,9286,316.0,11,9182.0,9430.57142857143,179.72478960907242,-157.0
2023-11-07,141.0,232.0,188.0,9483,231.0,11,9261.714285714286,9357.142857142857,170.23387274158577,-43.0
2023-11-08,158.0,226.0,191.0,9634,310.0,11,9348.57142857143,9308.214285714286,184.43775566384073,-119.0
2023-11-12,96.0,160.0,233.0,9477,313.0,11,9406.42857142857,9306.142857142857,141.81779054235741,-80.0
2023-11-13,141.0,173.0,129.0,9510,287.0,11,9443.57142857143,9311.42857142857,127.32747431060113,-158.0
2023-11-14,116.0,181.0,182.0,9665,247.0,11,9475.42857142857,9330.642857142857,152.31421157479323,-65.0
2023-11-15,150.0,157.0,201.0,9762,316.0,11,9545.285714285714,9360.0,156.08941271571942,-115.0
2023-11-16,80.0,176.0,125.0,9762,374.0,11,9613.285714285714,9397.642857142857,124.86754887455625,-249.0
2023-11-19,116.0,188.0,164.0,9573,435.0,11,9626.142857142857,9443.92857142857,113.31582497829422,-271.0
2023-11-20,105.0,185.0,158.0,9638,298.0,11,9626.714285714286,9487.642857142857,113.37212221385522,-140.0
2023-11-21,136.0,246.0,123.0,9804,250.0,11,9673.42857142857,9539.92857142857,108.67360480350563,-127.0
2023-11-23,128.0,228.0,177.0,9838,283.0,11,9720.285714285714,9581.92857142857,96.49302960287747,-106.0
2023-11-26,90.0,196.0,205.0,9845,312.0,11,9746.0,9610.714285714286,103.06470459556374,-107.0
2023-11-27,56.0,82.0,68.0,10123,214.0,11,9797.57142857143,9671.42857142857,176.53598041473214,-146.0
2023-11-28,74.0,103.0,80.0,10223,223.0,11,9863.42857142857,9738.357142857143,236.76771819864223,-143.0
2023-11-29,68.0,107.0,102.0,10398,284.0,11,9981.285714285714,9803.714285714286,270.96722697639836,-182.0
2023-11-30,92.0,124.0,93.0,10536,320.0,11,10109.57142857143,9868.142857142857,293.0306338610268,-227.0
2023-12-03,132.0,235.0,197.0,10579,417.0,12,10220.285714285714,9946.857142857143,304.51804231487245,-220.0
2023-12-04,174.0,208.0,256.0,10635,273.0,12,10334.142857142857,10027.214285714286,286.20763358767266,-17.0
2023-12-05,123.0,230.0,167.0,10761,261.0,12,10465.0,10105.5,228.97234185241885,-94.0
2023-12-06,123.0,233.0,159.0,10832,376.0,12,10566.285714285714,10181.92857142857,208.36003638402877,-217.0
2023-12-07,141.0,232.0,188.0,10897,466.0,12,10662.57142857143,10263.0,176.5945045794729,-278.0
2023-12-10,158.0,226.0,191.0,10871,411.0,12,10730.142857142857,10355.714285714286,146.39948607785828,-220.0
2023-12-11,96.0,160.0,233.0,10998,304.0,12,10796.142857142857,10452.857142857143,148.4143171121378,-71.0
2023-12-12,141.0,173.0,129.0,11077,259.0,12,10867.285714285714,10543.785714285714,146.32237728827405,-130.0
2023-12-13,116.0,181.0,182.0,11192,335.0,12,10946.857142857143,10640.5,150.34563353774146,-153.0
2023-12-14,150.0,157.0,201.0,11242,396.0,12,11015.57142857143,10740.285714285714,160.79889836171816,-195.0
2023-12-17,80.0,176.0,125.0,11092,456.0,12,11052.714285714286,10809.5,140.01394488393572,-331.0
2023-12-18,116.0,188.0,164.0,11149,364.0,12,11088.714285714286,10875.642857142857,124.88356481924416,-200.0
2023-12-19,105.0,185.0,158.0,11291,272.0,12,11148.714285714286,10939.42857142857,101.5672425635513,-114.0
2023-12-20,136.0,246.0,123.0,11516,390.0,12,11222.714285714286,11009.42857142857,150.41466493873244,-267.0
2023-12-21,128.0,228.0,177.0,11375,497.0,12,11265.285714285714,11066.285714285714,144.3487839527295,-320.0
2023-12-25,90.0,196.0,205.0,11144,347.0,12,11258.42857142857,11102.642857142857,149.45998031026886,-142.0
2023-12-26,56.0,82.0,68.0,11217,288.0,12,11254.857142857143,11135.214285714286,150.2147668857372,-220.0
2023-12-27,74.0,103.0,80.0,11206,335.0,12,11271.142857142857,11161.92857142857,135.02768675548225,-255.0
2023-12-28,68.0,107.0,102.0,11230,357.0,12,11282.714285714286,11185.714285714286,125.98374800729401,-255.0
2024-01-01,92.0,124.0,93.0,10870,290.0,1,11222.57142857143,11185.642857142857,200.07320088993765,-197.0
2024-01-02,113.0,162.0,107.0,10770,316.0,1,11116.0,11169.357142857143,215.79079374877094,-209.0
2024-01-03,106.0,196.0,131.0,10718,263.0,1,11022.142857142857,11143.714285714286,226.95552322837585,-132.0
2024-01-04,86.0,152.0,168.0,10558,362.0,1,10938.42857142857,11098.42857142857,277.0606775557908,-194.0
2024-01-07,84.0,118.0,136.0,9670,367.0,1,10717.42857142857,10986.142857142857,524.4040608611549,-231.0
2024-01-08,59.0,64.0,117.0,9670,367.0,1,10498.0,10884.57142857143,601.5757087294833,-250.0
2024-01-09,62.0,97.0,52.0,9311,286.0,1,10223.857142857143,10753.285714285714,647.8714966646689,-234.0
2024-01-10,91.0,75.0,97.0,9144,349.0,1,9977.285714285714,10599.92857142857,688.1658507186158,-252.0
2024-01-11,29.0,51.0,11.0,8829,476.0,1,9700.0,10408.0,706.3268837207751,-465.0
2024-01-15,33.0,53.0,34.0,8033,234.0,1,9316.42857142857,10169.285714285714,785.9242663138617,-200.0
2024-01-16,32.0,49.0,39.0,8133,188.0,1,8970.0,9954.214285714286,673.9159195824737,-149.0
2024-01-17,80.0,176.0,125.0,8072,353.0,1,8741.714285714286,9729.57142857143,667.9046125223219,-228.0
2024-01-18,116.0,188.0,164.0,8042,359.0,1,8509.142857142857,9503.57142857143,566.5449168928815,-195.0
2024-01-21,105.0,185.0,158.0,7974,371.0,1,8318.142857142857,9271.0,467.95207324806285,-213.0
2024-01-22,136.0,246.0,123.0,8008,222.0,1,8155.857142857143,9066.57142857143,301.01684812840443,-99.0
2024-01-23,128.0,228.0,177.0,8133,202.0,1,8056.428571428572,8878.214285714286,60.3679195790343,-25.0
2024-01-24,90.0,196.0,205.0,8212,243.0,1,8082.0,8699.214285714286,82.60548811478549,-38.0
2024-01-25,102.0,189.0,155.0,8180,293.0,1,8088.714285714285,8529.357142857143,89.09679060018645,-138.0
2024-01-28,120.0,257.0,126.0,8004,307.0,1,8079.0,8410.357142857143,94.75054969065847,-181.0
2024-01-29,137.0,272.0,166.0,8057,195.0,1,8081.142857142857,8295.142857142857,93.94045733242318,-29.0
2024-01-30,93.0,198.0,208.0,8182,187.0,1,8110.857142857143,8214.5,87.04487074966072,21.0
2024-01-31,203.0,477.0,258.0,8153,266.0,1,8131.571428571428,8143.714285714285,74.89293946006003,-8.0
2024-02-01,222.0,459.0,289.0,8026,337.0,2,8116.285714285715,8086.357142857143,84.81492456276246,-48.0
2024-02-04,253.0,531.0,248.0,7813,342.0,2,8059.285714285715,8070.642857142857,131.17382143014063,-94.0
2024-02-05,157.0,466.0,345.0,7872,242.0,2,8015.285714285715,8052.0,135.5184050055658,103.0
2024-02-06,291.0,455.0,323.0,8045,178.0,2,8021.142857142857,8050.071428571428,135.83498392224809,145.0
2024-02-07,227.0,453.0,330.0,8160,222.0,2,8035.857142857143,8058.5,145.59467546522518,108.0
2024-02-08,298.0,499.0,358.0,8188,315.0,2,8036.714285714285,8073.785714285715,146.61254412652707,43.0
2024-02-11,205.0,515.0,226.0,8056,347.0,2,8022.857142857143,8077.214285714285,138.1284771163816,-121.0
2024-02-12,213.0,430.0,440.0,8092,234.0,2,8032.285714285715,8074.285714285715,140.60904935998767,206.0
2024-02-13,227.0,369.0,349.0,8348,160.0,2,8108.714285714285,8084.0,146.81361685911094,189.0
2024-02-14,185.0,322.0,272.0,8512,230.0,2,8200.142857142857,8107.714285714285,171.95777444039328,42.0
2024-02-15,333.0,508.0,272.0,8463,312.0,2,8259.857142857143,8140.5,181.420715990468,-40.0
2024-02-19,249.0,420.0,371.0,8380,218.0,2,8291.285714285714,8163.571428571428,180.2911666220037,153.0
2024-02-20,149.0,395.0,273.0,8488,192.0,2,8334.142857142857,8185.428571428572,187.17231683797453,81.0
2024-02-21,232.0,430.0,318.0,8573,231.0,2,8408.0,8215.42857142857,159.0104818348567,87.0
2024-02-22,165.0,400.0,292.0,8607,293.0,2,8481.57142857143,8256.92857142857,94.4825506692809,-1.0
2024-02-25,244.0,482.0,366.0,8404,329.0,2,8489.57142857143,8299.142857142857,82.95552451548951,37.0
2024-02-26,199.0,438.0,326.0,8404,329.0,2,8474.142857142857,8337.142857142857,87.97997607692886,-3.0
2024-02-27,197.0,369.0,306.0,8650,206.0,2,8500.857142857143,8380.357142857143,109.73366024377925,100.0
2024-02-28,209.0,447.0,274.0,8699,257.0,2,8546.42857142857,8418.857142857143,117.1649224283461,17.0
2024-02-29,262.0,444.0,354.0,8724,299.0,2,8580.142857142857,8457.142857142857,130.72034854540055,55.0
2024-03-03,236.0,468.0,347.0,8594,354.0,3,8583.142857142857,8495.57142857143,130.77006356131753,-7.0
2024-03-04,225.0,509.0,340.0,8660,229.0,3,8590.714285714286,8536.142857142857,133.87894318597287,111.0
2024-03-05,246.0,472.0,345.0,8800,214.0,3,8647.285714285714,8568.42857142857,125.21809545186784,131.0
2024-03-06,230.0,457.0,277.0,8870,232.0,3,8713.857142857143,8594.0,94.4006154137673,45.0
2024-03-07,181.0,424.0,328.0,8902,305.0,3,8749.857142857143,8625.357142857143,112.3364419522807,23.0
2024-03-10,190.0,368.0,326.0,8714,373.0,3,8752.0,8649.214285714286,111.34331292608137,-47.0
2024-03-11,178.0,336.0,290.0,8757,253.0,3,8756.714285714286,8668.42857142857,110.65669777255567,37.0
2024-03-12,154.0,294.0,290.0,8843,213.0,3,8792.285714285714,8687.714285714286,87.16022465509607,77.0
2024-03-13,165.0,358.0,167.0,8819,239.0,3,8815.0,8702.857142857143,64.78682993753769,-72.0
2024-03-14,166.0,301.0,252.0,8695,310.0,3,8800.0,8723.642857142857,79.35573913306693,-58.0
2024-03-17,127.0,260.0,259.0,8373,342.0,3,8729.0,8721.42857142857,173.16947383037368,-83.0
2024-03-18,123.0,243.0,188.0,8333,283.0,3,8647.714285714286,8698.785714285714,208.391230050418,-95.0
2024-03-19,99.0,202.0,256.0,8390,197.0,3,8601.42857142857,8676.714285714286,226.41691422603628,59.0
2024-03-20,91.0,181.0,174.0,8365,227.0,3,8545.42857142857,8651.07142857143,229.97525746836314,-53.0
2024-03-21,132.0,261.0,141.0,8292,235.0,3,8466.714285714286,8629.5,203.97607235962374,-94.0
2024-03-24,124.0,264.0,221.0,7899,373.0,3,8335.285714285714,8575.142857142857,233.42287397608996,-152.0
2024-03-25,128.0,242.0,224.0,7899,229.0,3,8221.57142857143,8510.785714285714,222.6176521474383,-5.0
2024-03-26,187.0,276.0,200.0,7919,208.0,3,8156.714285714285,8442.857142857143,236.82814745842572,-8.0
2024-03-27,129.0,287.0,185.0,7893,215.0,3,8093.857142857143,8370.785714285714,240.60231958668695,-30.0
2024-03-28,161.0,288.0,248.0,7762,360.0,3,8004.142857142857,8302.785714285714,228.55519287579915,-112.0
2024-03-31,105.0,254.0,151.0,7257,287.0,3,7845.857142857143,8195.642857142857,307.1505757612916,-136.0
2024-04-01,109.0,235.0,171.0,7271,172.0,4,7700.0,8083.357142857143,302.3645702349222,-1.0
2024-04-02,101.0,230.0,175.0,7340,132.0,4,7620.142857142857,7977.714285714285,314.6174547878077,43.0
2024-04-03,124.0,230.0,190.0,7346,163.0,4,7541.142857142857,7881.357142857143,302.1067298000675,27.0
2024-04-04,95.0,226.0,152.0,7317,225.0,4,7455.142857142857,7805.928571428572,259.2626908314366,-73.0
2024-04-07,106.0,239.0,233.0,6982,279.0,4,7325.0,7709.428571428572,229.81441788251672,-46.0
2024-04-08,102.0,230.0,167.0,6988,199.0,4,7214.428571428572,7609.285714285715,160.15914704120095,-32.0
2024-04-09,118.0,231.0,217.0,7043,130.0,4,7183.857142857143,7514.857142857143,170.75267550023528,87.0
2024-04-10,117.0,244.0,142.0,6999,227.0,4,7145.0,7422.5,178.39469349360954,-85.0
2024-04-11,183.0,221.0,220.0,6912,285.0,4,7083.857142857143,7352.0,173.7061009976947,-65.0
2024-04-14,128.0,245.0,243.0,6630,290.0,4,6981.571428571428,7261.357142857143,202.1029911892201,-47.0
2024-04-15,144.0,303.0,176.0,6681,191.0,4,6890.714285714285,7172.928571428572,165.89124377710505,-15.0
2024-04-16,219.0,392.0,205.0,6685,163.0,4,6848.285714285715,7086.642857142857,176.3062811187239,42.0
2024-04-17,182.0,371.0,274.0,6725,227.0,4,6810.714285714285,7012.571428571428,169.4606289434633,47.0
2024-04-18,144.0,322.0,258.0,6728,260.0,4,6765.714285714285,6974.785714285715,136.0217069511838,-2.0
2024-04-21,208.0,380.0,343.0,6745,240.0,4,6729.428571428572,6937.214285714285,89.25778610833343,103.0
2024-04-22,176.0,424.0,251.0,6799,214.0,4,6713.285714285715,6898.571428571428,53.9836836020529,37.0
2024-04-23,252.0,427.0,307.0,6967,134.0,4,6761.428571428572,6871.5,98.90712334118355,173.0
2024-04-24,253.0,411.0,307.0,7128,154.0,4,6825.285714285715,6858.0,162.30497454457355,153.0
2024-04-25,145.0,357.0,333.0,7209,217.0,4,6900.142857142857,6874.214285714285,202.64453983224038,116.0
2024-04-28,158.0,349.0,365.0,7298,250.0,4,6982.0,6896.357142857143,233.48804394803318,115.0
2024-04-29,140.0,292.0,255.0,7373,187.0,4,7074.142857142857,6919.928571428572,243.59558601054894,68.0
2024-04-30,220.0,443.0,194.0,7431,135.0,4,7172.142857142857,6950.785714285715,226.50123514856168,59.0
2024-05-01,197.0,437.0,295.0,7508,190.0,5,7273.428571428572,6993.357142857143,186.89110656824082,105.0
2024-05-02,206.0,411.0,293.0,7577,194.0,5,7360.571428571428,7061.0,160.5561761948218,99.0
2024-05-05,150.0,315.0,228.0,7447,332.0,5,7406.142857142857,7115.714285714285,124.84180465891117,-104.0
2024-05-06,173.0,337.0,211.0,7449,205.0,5,7440.428571428572,7170.285714285715,89.68065035244247,6.0
2024-05-07,176.0,334.0,246.0,7566,163.0,5,7478.714285714285,7230.357142857143,74.69652889251202,83.0
2024-05-08,167.0,374.0,205.0,7583,202.0,5,7508.714285714285,7291.428571428572,66.92960054109264,3.0
2024-05-09,138.0,285.0,268.0,7570,244.0,5,7528.571428571428,7350.357142857143,60.32372983305508,24.0
2024-05-12,138.0,301.0,263.0,7464,245.0,5,7522.285714285715,7397.857142857143,64.94026559275116,18.0
2024-05-13,112.0,331.0,167.0,7499,157.0,5,7511.142857142857,7435.857142857143,60.529410403772765,10.0
2024-05-14,246.0,419.0,218.0,7546,186.0,5,7525.285714285715,7465.714285714285,54.288471108119154,32.0
2024-05-15,115.0,285.0,341.0,7589,265.0,5,7545.285714285715,7492.857142857143,46.76791737139164,76.0
2024-05-16,206.0,340.0,214.0,7565,234.0,5,7545.142857142857,7511.928571428572,46.69556928120063,-20.0
2024-05-19,143.0,295.0,278.0,7356,298.0,5,7512.714285714285,7510.714285714285,81.71436896444186,-20.0
2024-05-20,111.0,268.0,217.0,7368,192.0,5,7483.857142857143,7506.214285714285,93.00076804608312,25.0
2024-05-21,196.0,348.0,176.0,7404,145.0,5,7475.285714285715,7498.785714285715,97.77817460246344,31.0
2024-05-22,168.0,349.0,272.0,7474,208.0,5,7471.714285714285,7491.428571428572,97.22262131446801,64.0
2024-05-23,193.0,272.0,314.0,7494,227.0,5,7464.285714285715,7494.785714285715,92.47110230727776,87.0
2024-05-27,156.0,344.0,252.0,7365,167.0,5,7432.285714285715,7488.785714285715,80.04314312870697,85.0
2024-05-28,153.0,348.0,239.0,7418,151.0,5,7411.285714285715,7478.214285714285,54.689164940803565,88.0
2024-05-29,182.0,462.0,158.0,7491,141.0,5,7430.571428571428,7471.642857142857,55.73705273547318,17.0
2024-05-30,167.0,406.0,339.0,7563,190.0,5,7458.428571428572,7471.142857142857,66.87016560198738,149.0
2024-06-02,159.0,330.0,322.0,7546,306.0,6,7478.714285714285,7477.0,69.10792112285793,16.0
2024-06-03,109.0,244.0,257.0,7596,224.0,6,7496.142857142857,7483.928571428572,81.91749624161358,33.0
2024-06-04,260.0,356.0,176.0,7565,203.0,6,7506.285714285715,7485.285714285715,85.90637206822008,-27.0
2024-06-05,173.0,345.0,291.0,7691,198.0,6,7552.857142857143,7492.571428571428,84.9066714526138,93.0
2024-06-06,179.0,326.0,282.0,7741,238.0,6,7599.0,7505.142857142857,87.14164714237643,44.0
2024-06-09,116.0,289.0,166.0,7451,312.0,6,7593.285714285715,7511.928571428572,96.24052210611596,-146.0
2024-06-10,184.0,334.0,229.0,7439,212.0,6,7575.571428571428,7517.0,112.7413812565668,17.0
2024-06-11,186.0,352.0,224.0,7493,156.0,6,7568.0,7523.357142857143,116.76614806249607,68.0
2024-06-12,152.0,266.0,274.0,7548,212.0,6,7561.142857142857,7528.642857142857,116.25608023022085,62.0
2024-06-13,167.0,293.0,230.0,7544,259.0,6,7558.142857142857,7532.214285714285,116.41080787665516,-29.0
2024-06-16,204.0,315.0,233.0,7307,294.0,6,7503.285714285715,7528.071428571428,132.7060841179619,-61.0
2024-06-17,159.0,310.0,272.0,7318,224.0,6,7442.857142857143,7520.928571428572,98.25719409027717,48.0
2024-06-18,160.0,297.0,253.0,7340,214.0,6,7427.0,7510.142857142857,105.41979573757186,39.0
2024-06-19,204.0,321.0,246.0,7433,198.0,6,7426.142857142857,7500.857142857143,105.33031942652704,48.0
2024-06-20,145.0,247.0,243.0,7431,235.0,6,7417.285714285715,7492.642857142857,101.30106002368728,8.0
2024-06-23,102.0,227.0,201.0,7247,294.0,6,7374.285714285715,7467.714285714285,100.44851796777395,-93.0
2024-06-24,116.0,175.0,172.0,7239,202.0,6,7330.714285714285,7444.428571428572,78.26177075636427,-30.0
2024-06-25,172.0,263.0,191.0,7239,202.0,6,7321.0,7412.142857142857,85.57452892079996,-11.0
2024-06-26,132.0,235.0,197.0,7268,187.0,6,7313.857142857143,7378.357142857143,87.92123098068859,10.0
2024-06-27,174.0,208.0,256.0,7248,268.0,6,7300.714285714285,7363.857142857143,90.20848867256339,-12.0
2024-06-30,123.0,230.0,167.0,6874,273.0,6,7220.857142857143,7323.5,167.71546198991803,-106.0
2024-07-01,123.0,233.0,159.0,6825,229.0,7,7134.285714285715,7275.785714285715,195.29952575958558,-70.0
2024-07-02,141.0,232.0,188.0,6823,184.0,7,7073.714285714285,7224.0,218.84676091255764,4.0
2024-07-04,158.0,226.0,191.0,6790,225.0,7,7009.571428571428,7170.142857142857,227.93921495499245,-34.0
2024-07-07,96.0,160.0,233.0,6599,213.0,7,6918.142857142857,7119.571428571428,248.04396691679653,20.0
2024-07-08,141.0,173.0,129.0,6617,123.0,7,6825.142857142857,7069.5,214.82506726129427,6.0
2024-07-09,116.0,181.0,182.0,6651,130.0,7,6739.857142857143,7020.285714285715,113.65214262748607,52.0
2024-07-10,150.0,157.0,201.0,6649,177.0,7,6707.714285714285,6964.285714285715,100.44022150138134,24.0
2024-07-11,80.0,176.0,125.0,6640,197.0,7,6681.285714285715,6907.785714285715,88.0051405425436,-72.0
2024-07-14,116.0,188.0,164.0,6308,237.0,7,6607.714285714285,6840.714285714285,145.96770680043753,-73.0
2024-07-15,105.0,185.0,158.0,6283,171.0,7,6535.285714285715,6772.428571428572,164.9896100625052,-13.0
2024-07-16,136.0,246.0,123.0,6239,173.0,7,6483.857142857143,6701.0,195.16696148976706,-50.0
2024-07-17,128.0,228.0,177.0,6228,187.0,7,6428.285714285715,6626.714285714285,206.0175674432709,-10.0
2024-07-21,90.0,196.0,205.0,6058,262.0,7,6343.571428571428,6541.714285714285,220.58018734152546,-57.0
2024-07-22,102.0,189.0,155.0,6002,234.0,7,6251.142857142857,6479.428571428572,206.36410263692946,-79.0
2024-07-23,120.0,257.0,126.0,5965,170.0,7,6154.714285714285,6418.0,142.0653773041575,-44.0
2024-07-24,137.0,272.0,166.0,5927,177.0,7,6100.285714285715,6354.0,146.46696360808457,-11.0
2024-07-25,93.0,198.0,208.0,5954,194.0,7,6053.285714285715,6294.285714285715,129.9149905203582,14.0
2024-07-28,152.0,290.0,199.0,5743,207.0,7,5982.428571428572,6233.142857142857,146.00782757881467,-8.0
2024-07-29,114.0,210.0,219.0,5819,163.0,7,5924.0,6176.142857142857,108.33282051159944,56.0
2024-07-30,125.0,203.0,208.0,5930,92.0,7,5905.714285714285,6124.642857142857,91.42886904712475,116.0
2024-07-31,140.0,261.0,163.0,5963,154.0,7,5900.142857142857,6075.642857142857,85.585101062087,9.0
2024-08-01,227.0,298.0,212.0,6016,169.0,8,5907.428571428572,6031.071428571428,93.80273120197832,43.0
2024-08-04,63.0,167.0,143.0,5943,170.0,8,5909.714285714285,6005.0,94.5510695968216,-27.0
2024-08-05,172.0,259.0,138.0,5950,150.0,8,5909.142857142857,5981.214285714285,94.25042629686664,-12.0
2024-08-06,163.0,283.0,200.0,5998,143.0,8,5945.571428571428,5964.0,63.641855050621835,57.0
2024-08-07,135.0,273.0,207.0,6038,174.0,8,5976.857142857143,5950.428571428572,40.769386273794105,33.0
2024-08-08,119.0,230.0,213.0,6084,174.0,8,5998.857142857143,5952.285714285715,51.4277116330167,39.0
2024-08-11,95.0,211.0,140.0,5894,249.0,8,5989.0,5944.571428571428,64.41790641324633,-109.0
2024-08-12,109.0,219.0,155.0,5903,148.0,8,5972.857142857143,5940.142857142857,70.4046129440994,7.0
2024-08-13,162.0,239.0,189.0,5981,123.0,8,5978.285714285715,5944.0,69.17300602043936,66.0
2024-08-14,109.0,226.0,191.0,5987,178.0,8,5983.571428571428,5946.357142857143,68.05599935066765,13.0
2024-08-15,124.0,241.0,156.0,5895,220.0,8,5968.857142857143,5957.214285714285,75.17851770159099,-64.0
2024-08-18,86.0,244.0,235.0,5821,178.0,8,5937.857142857143,5957.357142857143,85.89223591498158,57.0
2024-08-19,176.0,254.0,162.0,5865,158.0,8,5906.571428571428,5952.714285714285,59.67092296602656,4.0
2024-08-20,136.0,274.0,245.0,5995,112.0,8,5921.0,5955.0,67.783970573176,133.0
2024-08-21,134.0,245.0,167.0,6028,156.0,8,5938.857142857143,5955.857142857143,77.95389357696112,11.0
2024-08-22,182.0,307.0,205.0,6054,171.0,8,5949.285714285715,5963.785714285715,88.67678066196451,34.0
2024-08-27,149.0,285.0,222.0,6152,97.0,8,5972.857142857143,5978.214285714285,117.58887216544673,125.0
2024-08-28,170.0,285.0,178.0,6227,134.0,8,6020.285714285715,5994.571428571428,144.76614968713295,44.0
2024-08-29,145.0,295.0,188.0,6250,169.0,8,6081.571428571428,6009.714285714285,136.9341169356713,19.0
2024-09-02,133.0,270.0,198.0,6192,129.0,9,6128.285714285715,6017.428571428572,102.079567471841,69.0
2024-09-03,131.0,263.0,177.0,6272,112.0,9,6167.857142857143,6044.428571428572,95.26179467031821,65.0
2024-09-04,121.0,231.0,219.0,6375,114.0,9,6217.428571428572,6078.142857142857,100.49520244412898,105.0
2024-09-05,126.0,230.0,175.0,6448,121.0,9,6273.714285714285,6111.5,103.98191234651983,54.0
2024-09-08,123.0,255.0,164.0,6312,221.0,9,6296.571428571428,6134.714285714285,89.31938412771233,-57.0
2024-09-09,144.0,275.0,190.0,6353,141.0,9,6314.571428571428,6167.428571428572,85.58009336845798,49.0
2024-09-10,131.0,251.0,180.0,6396,148.0,9,6335.428571428572,6208.5,85.00952327604743,32.0
2024-09-11,93.0,248.0,175.0,6410,162.0,9,6366.571428571428,6247.428571428572,59.944021505800094,13.0
2024-09-12,184.0,280.0,210.0,6360,220.0,9,6379.142857142857,6273.5,43.880248295541996,-10.0
2024-09-13,81.0,200.0,212.0,6326,279.0,9,6372.142857142857,6294.785714285715,48.333661739464944,-67.0
2024-09-15,98.0,220.0,167.0,6234,210.0,9,6341.571428571428,6307.642857142857,58.88366254138409,-43.0
2024-09-16,113.0,209.0,160.0,6229,164.0,9,6329.714285714285,6313.142857142857,72.59181378484217,-4.0
2024-09-17,159.0,304.0,139.0,6227,160.0,9,6311.714285714285,6313.142857142857,80.99118117778646,-21.0
2024-09-18,116.0,213.0,217.0,6245,149.0,9,6290.142857142857,6312.785714285715,74.66241484493787,68.0
2024-09-19,93.0,196.0,169.0,6270,188.0,9,6270.142857142857,6318.357142857143,52.73654195284414,-19.0
2024-09-22,124.0,234.0,161.0,5989,197.0,9,6217.142857142857,6298.142857142857,106.45097239485551,-36.0
2024-09-23,92.0,203.0,173.0,6002,165.0,9,6170.857142857143,6271.5,120.7137503510261,8.0
2024-09-24,186.0,259.0,172.0,6023,143.0,9,6140.714285714285,6241.142857142857,128.41691774024483,29.0
2024-09-25,154.0,225.0,220.0,6050,169.0,9,6115.142857142857,6222.428571428572,125.69994506950272,51.0
2024-09-26,91.0,199.0,172.0,6090,185.0,9,6095.571428571428,6203.642857142857,115.64436453030764,-13.0
2024-09-29,81.0,213.0,153.0,5925,177.0,9,6049.857142857143,6170.0,109.83233975993637,-24.0
2024-09-30,209.0,285.0,184.0,5967,138.0,9,6006.571428571428,6138.357142857143,54.261272693188836,46.0
2024-10-01,184.0,314.0,217.0,6040,137.0,10,6013.857142857143,6115.5,54.92852498603809,80.0
2024-10-02,107.0,215.0,230.0,6091,173.0,10,6026.571428571428,6098.714285714285,61.61941561676363,57.0
2024-10-03,101.0,162.0,178.0,6118,193.0,10,6040.142857142857,6090.428571428572,70.52051373282846,-15.0
2024-10-07,99.0,190.0,176.0,5968,153.0,10,6028.428571428572,6071.785714285715,75.26144905783309,23.0
2024-10-08,167.0,239.0,166.0,6013,123.0,10,6017.428571428572,6056.5,70.22074039022502,43.0
2024-10-09,115.0,216.0,169.0,6047,137.0,10,6034.857142857143,6042.357142857143,57.432361874428665,32.0
2024-10-10,84.0,158.0,193.0,6075,159.0,10,6050.285714285715,6028.428571428572,50.21856989106743,34.0
2024-10-13,130.0,227.0,192.0,5889,210.0,10,6028.714285714285,6021.285714285715,79.35303876918557,-18.0
2024-10-14,88.0,214.0,160.0,5935,106.0,10,6006.428571428572,6016.5,80.83699058981587,54.0
2024-10-15,113.0,208.0,159.0,6013,107.0,10,5991.428571428572,6015.785714285715,64.8430339174368,52.0
2024-10-16,174.0,285.0,150.0,6036,129.0,10,6001.142857142857,6014.785714285715,65.83420734801736,21.0
2024-10-17,104.0,230.0,206.0,6076,160.0,10,6010.142857142857,6013.785714285715,71.76449579800449,46.0
2024-10-20,147.0,276.0,214.0,5918,195.0,10,5991.714285714285,6013.285714285715,77.08807578718152,19.0
2024-10-21,108.0,220.0,213.0,5966,154.0,10,5976.142857142857,6013.214285714285,67.92502869935514,59.0
2024-10-22,180.0,280.0,146.0,6043,109.0,10,5998.142857142857,6013.428571428572,59.40097802625001,37.0
2024-10-23,134.0,294.0,186.0,6077,138.0,10,6018.428571428572,6012.428571428572,58.48320882342806,48.0
2024-10-27,202.0,313.0,158.0,5974,192.0,10,6012.857142857143,6002.142857142857,60.89452239029225,-34.0
2024-10-28,110.0,272.0,193.0,6008,156.0,10,6008.857142857143,6005.0,60.034513882780644,37.0
2024-10-29,166.0,277.0,229.0,6106,126.0,10,6013.142857142857,6011.642857142857,66.36371642050946,103.0
2024-10-30,136.0,276.0,178.0,6149,160.0,10,6046.142857142857,6018.928571428572,68.56488063974128,18.0
2024-10-31,87.0,246.0,173.0,6148,177.0,10,6072.142857142857,6024.142857142857,67.61022745962404,-4.0
2024-11-03,84.0,171.0,157.0,5990,184.0,11,6064.571428571428,6031.357142857143,74.07621557750451,-27.0
2024-11-04,167.0,209.0,157.0,6007,132.0,11,6054.571428571428,6036.5,76.79378695106057,25.0
2024-11-05,109.0,245.0,159.0,6045,126.0,11,6064.714285714285,6038.785714285715,68.63360276548681,33.0
2024-11-06,156.0,256.0,176.0,6086,137.0,11,6075.857142857143,6042.357142857143,64.0713887561531,39.0
2024-11-07,125.0,232.0,192.0,6084,177.0,11,6072.714285714285,6042.928571428572,62.87478107506482,15.0
2024-11-11,118.0,139.0,168.0,5963,145.0,11,6046.142857142857,6046.142857142857,64.54308269527122,23.0
2024-11-12,142.0,235.0,139.0,5975,138.0,11,6021.428571428572,6046.785714285715,50.671678950060716,1.0
2024-11-13,148.0,245.0,175.0,5966,151.0,11,6018.0,6041.285714285715,53.86402633792145,24.0
2024-11-14,119.0,219.0,210.0,6025,172.0,11,6020.571428571428,6037.571428571428,53.680713926120816,38.0
2024-11-17,105.0,210.0,149.0,5816,195.0,11,5987.857142857143,6026.285714285715,92.24140171568862,-46.0
2024-11-18,143.0,203.0,163.0,5819,138.0,11,5949.714285714285,6012.785714285715,99.78930184094627,25.0
2024-11-19,119.0,209.0,152.0,5844,146.0,11,5915.428571428572,5994.071428571428,86.27641072516683,6.0
2024-11-20,155.0,212.0,181.0,5879,148.0,11,5903.428571428572,5974.785714285715,84.37783504936388,33.0
2024-11-21,109.0,214.0,173.0,5850,210.0,11,5885.571428571428,5953.5,79.80989316881477,-37.0
2024-11-24,191.0,283.0,192.0,5664,207.0,11,5842.428571428572,5930.214285714285,106.31220867936172,-15.0
2024-11-25,170.0,297.0,196.0,5715,129.0,11,5798.142857142857,5909.357142857143,78.51842367967619,67.0
2024-11-26,152.0,272.0,214.0,5826,112.0,11,5799.571428571428,5893.714285714285,78.98703932260446,102.0
2024-11-27,239.0,367.0,224.0,5862,211.0,11,5805.714285714285,5877.714285714285,82.35029707639025,13.0
2024-11-28,113.0,280.0,237.0,5963,143.0,11,5822.714285714285,5869.071428571428,101.60333702805455,94.0
2024-12-01,196.0,306.0,187.0,5986,149.0,12,5838.0,5870.714285714285,118.17924239616579,38.0
2024-12-02,236.0,330.0,222.0,6061,115.0,12,5868.142857142857,5876.857142857143,145.50077728477822,107.0
2024-12-03,81.0,230.0,242.0,6192,107.0,12,5943.571428571428,5893.0,158.3275688173658,135.0
2024-12-04,118.0,245.0,160.0,6269,115.0,12,6022.714285714285,5910.428571428572,163.4112544937985,45.0
2024-12-05,218.0,283.0,208.0,6310,150.0,12,6091.857142857143,5945.714285714285,168.61734644990904,58.0
2024-12-08,132.0,243.0,183.0,6286,172.0,12,6152.428571428572,5979.071428571428,147.0633164579746,11.0
2024-12-09,224.0,315.0,152.0,6268,174.0,12,6196.0,6009.357142857143,125.13326229797111,-22.0
2024-12-10,167.0,326.0,213.0,6310,149.0,12,6242.285714285715,6040.142857142857,89.30232226490219,64.0
2024-12-11,209.0,353.0,232.0,6402,152.0,12,6291.0,6079.571428571428,63.08988297130685,80.0
2024-12-12,153.0,253.0,286.0,6481,194.0,12,6332.285714285715,6137.928571428572,79.8430007070424,92.0
2024-12-15,180.0,337.0,219.0,6408,224.0,12,6352.142857142857,6187.428571428572,78.75791721350679,-5.0
2024-12-16,133.0,287.0,189.0,6454,149.0,12,6372.714285714285,6232.285714285715,84.51176305839455,40.0
2024-12-17,187.0,310.0,247.0,6506,151.0,12,6404.142857142857,6278.285714285715,87.73526195593429,96.0
2024-12-18,168.0,285.0,210.0,6598,134.0,12,6451.285714285715,6323.642857142857,90.98848697447997,76.0
2024-12-19,269.0,412.0,204.0,6600,238.0,12,6492.714285714285,6367.5,81.45901686475165,-34.0
2024-12-22,100.0,255.0,236.0,6595,268.0,12,6520.285714285715,6405.642857142857,78.2362113212629,-32.0
2024-12-23,205.0,294.0,177.0,6548,231.0,12,6529.857142857143,6431.071428571428,76.71251217246174,-54.0
2024-12-24,161.0,304.0,211.0,6622,155.0,12,6560.428571428572,6456.285714285715,61.1115295801018,56.0
2024-12-25,57.0,162.0,193.0,6689,107.0,12,6594.0,6483.357142857143,57.332364332902436,86.0
2024-12-26,80.0,122.0,152.0,6707,135.0,12,6622.714285714285,6513.428571428572,56.2367444698938,17.0
2024-12-29,107.0,170.0,133.0,6465,216.0,12,6603.714285714285,6527.5,82.37255668752053,-83.0
2024-12-30,99.0,156.0,139.0,6454,177.0,12,6582.857142857143,6537.785714285715,100.05569877395051,-38.0
2025-01-01,25.0,66.0,94.0,6405,144.0,1,6555.714285714285,6538.0,119.99682535483466,-50.0
2025-01-02,35.0,70.0,53.0,6292,170.0,1,6519.142857142857,6524.5,156.2683893940486,-117.0
2025-01-05,43.0,73.0,64.0,5882,185.0,1,6413.428571428572,6486.928571428572,277.9873241371852,-121.0
2025-01-06,41.0,60.0,71.0,5769,190.0,1,6282.0,6438.0,337.1686027296525,-119.0
2025-01-07,65.0,83.0,65.0,5703,133.0,1,6138.571428571428,6380.642857142857,339.7817226509071,-68.0
2025-01-08,38.0,80.0,82.0,5605,184.0,1,6015.714285714285,6309.714285714285,357.11702763739754,-102.0
2025-01-09,56.0,82.0,68.0,5507,164.0,1,5880.428571428572,6231.642857142857,342.4849666495598,-96.0
2025-01-12,74.0,103.0,80.0,5092,235.0,1,5692.857142857143,6124.285714285715,366.0461849600492,-155.0
2025-01-13,68.0,107.0,102.0,5019,181.0,1,5511.0,6015.071428571428,333.5530942243873,-79.0
2025-01-14,92.0,124.0,93.0,4957,139.0,1,5378.857142857143,5896.142857142857,345.1059878604521,-46.0
2025-01-15,113.0,162.0,107.0,4903,164.0,1,5255.142857142857,5768.571428571428,337.0659819537876,-57.0
2025-01-16,106.0,196.0,131.0,4881,159.0,1,5137.714285714285,5638.142857142857,295.6804098378836,-28.0
2025-01-19,86.0,152.0,168.0,4628,176.0,1,4998.142857142857,5506.928571428572,267.5982240669817,-8.0
2025-01-20,84.0,118.0,136.0,4638,127.0,1,4874.0,5377.214285714285,179.13681921925547,9.0
2025-01-21,59.0,64.0,117.0,4728,54.0,1,4822.0,5257.428571428572,156.73969928937981,63.0
2025-01-22,62.0,97.0,52.0,4717,83.0,1,4778.857142857143,5144.928571428572,133.285943959348,-31.0
2025-01-23,91.0,75.0,97.0,4621,174.0,1,4730.857142857143,5054.857142857143,118.07261688102878,-77.0
2025-01-26,29.0,51.0,11.0,4241,182.0,1,4636.285714285715,4945.714285714285,196.3701558160734,-171.0
2025-01-27,33.0,53.0,34.0,4161,127.0,1,4533.428571428572,4835.571428571428,232.13563358722556,-93.0
2025-01-28,32.0,49.0,39.0,4096,101.0,1,4457.428571428572,4727.785714285715,278.47492834055186,-62.0
2025-01-29,32.0,50.0,39.0,4036,99.0,1,4371.428571428572,4622.714285714285,305.0993593038312,-60.0
2025-01-30,47.0,42.0,47.0,3923,159.0,1,4256.428571428572,4539.214285714285,299.9676966735046,-112.0
2025-02-02,20.0,22.0,41.0,3483,168.0,2,4080.1428571428573,4429.5,343.611422283656,-127.0
2025-02-03,23.0,45.0,11.0,3403,102.0,2,3906.1428571428573,4318.5,332.2842300257352,-91.0
2025-02-04,34.0,54.0,29.0,3359,74.0,2,3780.1428571428573,4208.214285714285,350.8515491255452,-45.0
2025-02-05,26.0,36.0,36.0,3290,104.0,2,3655.714285714286,4094.5714285714284,347.7047187320815,-68.0
2025-02-06,25.0,32.0,27.0,3181,145.0,2,3525.0,3991.214285714286,325.90642828883216,-118.0
2025-02-09,15.0,13.0,23.0,2878,99.0,2,3359.5714285714284,3865.5,317.07299745369113,-76.0
2025-02-10,16.0,18.0,15.0,2834,63.0,2,3204.0,3730.214285714286,255.7889755247122,-48.0
2025-02-11,11.0,22.0,12.0,2799,50.0,2,3106.285714285714,3593.214285714286,262.0163571774723,-38.0
2025-02-12,16.0,20.0,20.0,2752,66.0,2,3013.285714285714,3459.714285714286,254.57527654615683,-46.0
2025-02-13,15.0,10.0,23.0,2703,72.0,2,2919.5714285714284,3349.8571428571427,225.14207154801755,-49.0
2025-02-17,8.0,17.0,14.0,2532,15.0,2,2811.285714285714,3233.5,197.92567147429625,-1.0
2025-02-18,18.0,19.0,11.0,2536,9.0,2,2719.1428571428573,3122.0714285714284,138.26837258433997,2.0
2025-02-19,12.0,17.0,17.0,2528,19.0,2,2669.1428571428573,3014.3571428571427,134.479773660533,-2.0
2025-02-20,13.0,25.0,15.0,2520,32.0,2,2624.285714285714,2914.1428571428573,122.12659318053183,-17.0
2025-02-23,7.0,16.0,8.0,2423,35.0,2,2570.5714285714284,2838.4285714285716,114.9519568381956,-27.0
2025-02-24,20.0,22.0,14.0,2413,24.0,2,2522.1428571428573,2767.714285714286,95.55003675450467,-10.0
2025-02-25,11.0,7.0,7.0,2413,23.0,2,2480.714285714286,2700.1428571428573,60.50816552512122,-16.0
2025-02-26,12.0,21.0,1.0,2411,23.0,2,2463.4285714285716,2637.3571428571427,60.69831722760492,-22.0
2025-02-27,10.0,15.0,17.0,2391,37.0,2,2442.714285714286,2580.9285714285716,56.39359977174001,-20.0
2025-03-02,12.0,24.0,4.0,2297,31.0,3,2409.714285714286,2539.4285714285716,65.08638947748564,-27.0
2025-03-03,8.0,29.0,18.0,2287,25.0,3,2376.4285714285716,2500.3571428571427,58.53448312116831,-7.0
2025-03-04,4.0,25.0,10.0,2272,30.0,3,2354.8571428571427,2462.714285714286,65.87470068586777,-20.0
2025-03-05,5.0,20.0,4.0,2238,40.0,3,2329.8571428571427,2426.0,72.95758715709992,-36.0
2025-03-06,7.0,27.0,6.0,2218,33.0,3,2302.0,2391.3571428571427,73.14825128902791,-27.0
2025-03-09,12.0,25.0,15.0,2137,30.0,3,2262.8571428571427,2363.1428571428573,78.23347231493688,-15.0
2025-03-10,6.0,28.0,8.0,2125,23.0,3,2224.8571428571427,2333.785714285714,69.76013324565606,-15.0
2025-03-11,3.0,11.0,7.0,2116,20.0,3,2199.0,2304.3571428571427,72.06941098673762,-13.0
2025-03-12,6.0,18.0,2.0,2113,8.0,3,2174.1428571428573,2275.285714285714,66.44654134804881,-6.0
2025-03-13,4.0,20.0,9.0,2116,6.0,3,2151.8571428571427,2253.3571428571427,52.94471510092186,3.0
2025-03-16,1.0,9.0,8.0,2117,5.0,3,2134.5714285714284,2232.214285714286,37.68667820676826,3.0
2025-03-17,5.0,14.0,0.0,2111,8.0,3,2119.285714285714,2210.6428571428573,8.957571948511832,-8.0
2025-03-18,19.0,34.0,6.0,2109,8.0,3,2115.285714285714,2189.0714285714284,5.186980034606052,-2.0
2025-03-19,6.0,22.0,14.0,2119,9.0,3,2114.4285714285716,2169.6428571428573,3.552329882440656,5.0
2025-03-20,9.0,20.0,11.0,2124,7.0,3,2115.5714285714284,2157.285714285714,5.09434793933647,4.0
2025-03-23,15.0,29.0,9.0,2136,2.0,3,2118.8571428571427,2146.5,9.044861733834644,7.0
2025-03-24,7.0,13.0,11.0,2139,7.0,3,2122.1428571428573,2137.0,11.639423974186858,4.0
2025-03-25,12.0,19.0,7.0,2145,6.0,3,2126.1428571428573,2130.3571428571427,14.123604017774793,1.0
2025-03-26,9.0,21.0,15.0,2159,2.0,3,2133.0,2126.1428571428573,16.92138686125025,13.0
2025-03-27,1.0,19.0,13.0,2159,2.0,3,2140.1428571428573,2127.714285714286,15.60372360851712,11.0
2025-03-30,9.0,20.0,5.0,2188,2.0,3,2150.0,2132.214285714286,20.91251618787641,3.0
2025-03-31,9.0,25.0,8.0,2193,5.0,3,2159.8571428571427,2137.714285714286,22.79202032403227,3.0
2025-04-01,17.0,36.0,7.0,2191,12.0,4,2167.714285714286,2143.285714285714,22.676818454382854,-5.0
2025-04-02,5.0,31.0,16.0,2208,3.0,4,2177.5714285714284,2149.8571428571427,23.107409654207476,13.0
2025-04-03,12.0,26.0,18.0,2223,8.0,4,2188.714285714286,2157.4285714285716,23.584700447813972,10.0
2025-04-06,7.0,14.0,7.0,2234,11.0,4,2199.4285714285716,2166.214285714286,24.838526142415233,-4.0
2025-04-07,12.0,22.0,9.0,2237,5.0,4,2210.5714285714284,2175.3571428571427,20.85551200348454,4.0
2025-04-08,12.0,34.0,12.0,2243,9.0,4,2218.4285714285716,2184.214285714286,21.290507609280873,3.0
2025-04-09,6.0,19.0,10.0,2251,5.0,4,2226.714285714286,2193.285714285714,21.02945779646381,5.0
2025-04-10,18.0,25.0,17.0,2265,6.0,4,2237.285714285714,2202.5,18.535679878186787,11.0
2025-04-11,8.0,22.0,8.0,2267,9.0,4,2245.714285714286,2211.6428571428573,16.2758951176265,-1.0
2025-04-13,5.0,26.0,10.0,2283,3.0,4,2254.285714285714,2221.5,18.025114753587594,7.0
2025-04-14,5.0,26.0,9.0,2282,13.0,4,2261.1428571428573,2230.285714285714,18.151479015535998,-4.0
2025-04-15,4.0,19.0,12.0,2286,7.0,4,2268.1428571428573,2239.3571428571427,16.677615450600857,5.0
2025-04-16,11.0,30.0,5.0,2291,8.0,4,2275.0,2246.714285714286,14.317821062412861,-3.0
2025-04-17,7.0,26.0,10.0,2288,14.0,4,2280.285714285714,2253.5,10.226017237747413,-4.0
2025-04-20,4.0,15.0,6.0,2305,4.0,4,2286.0,2261.6428571428573,11.372481405068092,2.0
2025-04-21,10.0,25.0,5.0,2308,6.0,4,2291.8571428571427,2268.785714285714,10.47900395003348,-1.0
2025-04-22,7.0,19.0,14.0,2305,17.0,4,2295.0,2274.6428571428573,10.677078250874528,-3.0
2025-04-23,3.0,23.0,4.0,2300,11.0,4,2297.5714285714284,2279.3571428571427,9.071147350860041,-7.0
2025-04-24,3.0,9.0,7.0,2294,13.0,4,2298.714285714286,2283.4285714285716,7.782764839485451,-6.0
2025-04-27,9.0,40.0,12.0,2301,4.0,4,2300.1428571428573,2287.5714285714284,7.010196653315958,8.0
2025-04-28,6.0,26.0,12.0,2307,8.0,4,2302.8571428571427,2291.5714285714284,4.879500362212589,4.0
2025-04-29,11.0,25.0,11.0,2304,15.0,4,2302.714285714286,2294.3571428571427,4.820590753569943,-4.0
2025-04-30,7.0,34.0,9.0,2309,12.0,4,2302.8571428571427,2297.3571428571427,5.0142653617620345,-3.0
2025-05-01,13.0,32.0,14.0,2306,16.0,5,2303.0,2299.0,5.099019511171725,-2.0
2025-05-04,9.0,31.0,10.0,2335,5.0,5,2308.0,2302.785714285714,12.884098725767627,5.0
2025-05-05,15.0,44.0,20.0,2331,17.0,5,2313.285714285714,2306.0,13.744262871471367,3.0
2025-05-06,10.0,33.0,16.0,2339,16.0,5,2318.714285714286,2309.4285714285716,15.478095120097647,0.0
2025-05-07,10.0,30.0,15.0,2335,10.0,5,2322.714285714286,2312.785714285714,15.563999974732376,5.0
2025-05-08,15.0,24.0,16.0,2361,11.0,5,2330.8571428571427,2316.785714285714,18.729909871244054,5.0
2025-05-11,15.0,20.0,12.0,2385,3.0,5,2341.714285714286,2322.285714285714,24.944700744116737,9.0
2025-05-12,7.0,33.0,14.0,2392,7.0,5,2354.0,2328.5,25.592967783660665,7.0
2025-05-13,18.0,29.0,12.0,2394,11.0,5,2362.4285714285716,2335.214285714286,27.903746121167565,1.0
2025-05-14,7.0,30.0,14.0,2394,11.0,5,2371.4285714285716,2342.3571428571427,26.18432828228766,3.0
2025-05-15,15.0,31.0,14.0,2410,14.0,5,2381.5714285714284,2350.1428571428573,25.26431701553238,0.0
2025-05-18,13.0,28.0,14.0,2437,9.0,5,2396.1428571428573,2359.4285714285716,23.262477450145404,5.0
2025-05-19,7.0,27.0,17.0,2457,6.0,5,2409.8571428571427,2370.3571428571427,27.07661088686274,11.0
2025-05-21,14.0,62.0,13.0,2467,18.0,5,2421.5714285714284,2381.6428571428573,31.84785258477364,-5.0
2025-05-22,18.0,36.0,17.0,2473,15.0,5,2433.1428571428573,2393.5714285714284,33.95795719884602,2.0
2025-05-27,6.0,24.0,7.0,2504,11.0,5,2448.8571428571427,2405.6428571428573,38.03256749750207,-4.0
2025-05-28,12.0,39.0,12.0,2499,14.0,5,2463.8571428571427,2417.6428571428573,33.18849485065729,-2.0
2025-05-29,13.0,38.0,15.0,2506,11.0,5,2477.5714285714284,2429.5714285714284,26.35562648838025,4.0
2025-06-01,8.0,24.0,16.0,2528,12.0,6,2490.5714285714284,2443.3571428571427,25.43525861728927,4.0
2025-06-02,10.0,19.0,5.0,2518,16.0,6,2499.285714285714,2454.5714285714284,22.26891918977653,-11.0
2025-06-03,5.0,23.0,11.0,2519,15.0,6,2506.714285714286,2464.1428571428573,17.960273621175357,-4.0
2025-06-04,4.0,16.0,9.0,2516,16.0,6,2512.8571428571427,2473.0,10.172324731951344,-7.0
2025-06-05,8.0,26.0,5.0,2503,21.0,6,2512.714285714286,2480.785714285714,10.323343864635483,-16.0
2025-06-08,10.0,16.0,15.0,2507,13.0,6,2513.8571428571427,2488.8571428571427,8.896227128335875,2.0
2025-06-09,8.0,21.0,14.0,2516,9.0,6,2515.285714285714,2496.4285714285716,8.199883853700692,5.0
2025-06-10,17.0,28.0,7.0,2511,12.0,6,2512.8571428571427,2501.714285714286,6.039552173155635,-5.0
2025-06-17,7.0,24.0,10.0,2523,14.0,6,2513.5714285714284,2506.4285714285716,6.972736019320384,-4.0
2025-06-19,8.0,19.0,7.0,2501,18.0,6,2511.0,2508.8571428571427,7.895146186702814,-11.0
2025-06-22,7.0,13.0,5.0,2508,7.0,6,2509.8571428571427,2511.3571428571427,7.625146367049573,-2.0
2025-06-23,3.0,15.0,5.0,2495,17.0,6,2508.714285714286,2510.714285714286,9.250482611599093,-12.0
2025-06-24,5.0,20.0,5.0,2489,16.0,6,2506.1428571428573,2510.0,11.922367932542544,-11.0
2025-06-25,6.0,12.0,2.0,2470,24.0,6,2499.5714285714284,2507.4285714285716,17.125586537744006,-22.0
2025-06-26,3.0,9.0,7.0,2447,35.0,6,2490.4285714285716,2501.6428571428573,25.19164638516255,-28.0
2025-06-29,5.0,17.0,7.0,2413,20.0,6,2474.714285714286,2494.1428571428573,34.18924921493244,-13.0
2025-06-30,9.0,22.0,8.0,2407,16.0,6,2461.285714285714,2486.1428571428573,40.094531155101365,-8.0
2025-07-01,7.0,14.0,6.0,2391,22.0,7,2444.5714285714284,2477.214285714286,41.7287157034775,-16.0
2025-07-02,8.0,20.0,9.0,2373,38.0,7,2427.1428571428573,2467.9285714285716,42.624048655488316,-29.0
2025-07-06,4.0,17.0,2.0,2332,8.0,7,2404.714285714286,2455.4285714285716,45.83562764794037,-6.0
2025-07-07,3.0,18.0,8.0,2317,20.0,7,2382.8571428571427,2441.214285714286,45.99430606555569,-12.0
2025-07-08,5.0,16.0,8.0,2306,20.0,7,2362.714285714286,2426.5714285714284,44.05570067403906,-12.0
2025-07-09,2.0,18.0,0.0,2281,32.0,7,2343.8571428571427,2409.285714285714,47.090085904061496,-32.0
2025-07-10,2.0,12.0,3.0,2252,39.0,7,2321.714285714286,2391.5,48.85937059780572,-36.0
2025-07-13,1.0,13.0,4.0,2204,10.0,7,2295.0,2369.785714285714,55.353410012171295,-6.0
2025-07-14,2.0,9.0,1.0,2181,26.0,7,2267.5714285714284,2347.3571428571427,57.777899877558404,-25.0
2025-07-15,0.0,8.0,5.0,2171,17.0,7,2244.5714285714284,2324.6428571428573,59.863336422174285,-12.0
2025-07-16,1.0,9.0,0.0,2164,11.0,7,2222.714285714286,2302.785714285714,56.86743146898804,-11.0
2025-07-17,3.0,16.0,2.0,2153,17.0,7,2200.8571428571427,2281.785714285714,48.27500585656501,-15.0
2025-07-21,4.0,18.0,7.0,2121,16.0,7,2178.0,2260.9285714285716,41.39243086976682,-9.0
2025-07-22,5.0,13.0,3.0,2117,16.0,7,2158.714285714286,2240.214285714286,31.4150403768605,-13.0
2025-07-23,6.0,21.0,5.0,2111,14.0,7,2145.4285714285716,2220.214285714286,28.611519491177116,-9.0
2025-07-24,6.0,18.0,7.0,2096,29.0,7,2133.285714285714,2200.4285714285716,29.032822148039244,-22.0
2025-07-27,1.0,12.0,2.0,2088,4.0,7,2121.4285714285716,2183.0,27.99319645188668,-2.0
2025-07-28,2.0,9.0,3.0,2080,14.0,7,2109.4285714285716,2166.0714285714284,24.48712003470134,-11.0
2025-07-29,2.0,8.0,3.0,2072,12.0,7,2097.8571428571427,2149.3571428571427,18.986210534252738,-9.0
2025-07-30,4.0,15.0,4.0,2063,16.0,7,2089.5714285714284,2133.785714285714,19.839834868108078,-12.0
2025-07-31,2.0,9.0,6.0,2058,15.0,7,2081.1428571428573,2119.9285714285716,18.74769827074538,-9.0
2025-08-03,5.0,26.0,3.0,2049,5.0,8,2072.285714285714,2108.8571428571427,16.839579227109922,-2.0
2025-08-04,5.0,22.0,11.0,2040,14.0,8,2064.285714285714,2098.785714285714,16.997198647995226,-3.0
2025-08-05,2.0,21.0,10.0,2042,14.0,8,2057.714285714286,2089.5714285714284,15.085470776414287,-4.0
2025-08-06,4.0,17.0,3.0,2036,13.0,8,2051.4285714285716,2080.4285714285716,13.314868165337238,-10.0
2025-08-07,4.0,18.0,6.0,2031,17.0,8,2045.5714285714287,2071.714285714286,11.67414726051918,-11.0
2025-08-10,0.0,18.0,8.0,2006,12.0,8,2037.4285714285713,2063.5,16.409927308195343,-4.0
2025-08-11,6.0,23.0,4.0,1999,16.0,8,2029.0,2055.0714285714284,19.02629758977049,-12.0
2025-08-12,8.0,38.0,9.0,1999,9.0,8,2021.857142857143,2047.0714285714287,19.642034614163563,0.0
2025-08-13,6.0,22.0,12.0,1997,17.0,8,2015.7142857142858,2040.0,19.746006226050167,-5.0
2025-08-14,3.0,27.0,4.0,1994,11.0,8,2008.857142857143,2033.2857142857142,17.276463482165898,-7.0
2025-08-17,4.0,14.0,2.0,1991,3.0,8,2002.4285714285713,2026.9285714285713,13.439458604923102,-1.0
2025-08-18,4.0,20.0,6.0,1985,14.0,8,1995.857142857143,2020.7142857142858,6.693991618151977,-8.0
2025-08-19,5.0,35.0,3.0,1980,11.0,8,1992.142857142857,2014.7857142857142,7.312741650745014,-8.0
2025-08-20,10.0,38.0,10.0,1983,10.0,8,1989.857142857143,2009.4285714285713,7.3127416507444405,0.0
2025-08-21,6.0,49.0,8.0,1972,21.0,8,1986.0,2003.9285714285713,8.679477709382112,-13.0
2025-08-24,4.0,21.0,5.0,1981,5.0,8,1983.7142857142858,1999.7142857142858,7.296444011462984,0.0
2025-08-25,8.0,30.0,8.0,1980,11.0,8,1981.7142857142858,1995.2857142857142,5.7652489289193625,-3.0
2025-08-26,10.0,21.0,20.0,1989,15.0,8,1981.4285714285713,1991.9285714285713,5.255382725678216,5.0
2025-08-27,5.0,19.0,9.0,1988,19.0,8,1981.857142857143,1988.857142857143,5.698788507261991,-10.0
2025-08-28,8.0,33.0,6.0,1984,17.0,8,1982.4285714285713,1987.2857142857142,5.682051940982867,-11.0
2025-09-01,10.0,29.0,17.0,2010,5.0,9,1986.2857142857142,1988.0714285714287,11.898379240289591,12.0
2025-09-02,6.0,35.0,9.0,2020,9.0,9,1993.142857142857,1989.5714285714287,15.56094011032772,0.0
2025-09-03,4.0,29.0,11.0,2019,10.0,9,1998.5714285714287,1991.142857142857,17.164470501399485,1.0
2025-09-04,11.0,40.0,2.0,2015,14.0,9,2003.5714285714287,1992.642857142857,15.904476757402659,-12.0
2025-09-07,4.0,19.0,9.0,2026,7.0,9,2008.857142857143,1995.142857142857,16.395411668632136,2.0
2025-09-08,7.0,25.0,5.0,2025,6.0,9,2014.142857142857,1998.0,14.392458341689405,-1.0
2025-09-09,18.0,42.0,11.0,2023,14.0,9,2019.7142857142858,2001.0714285714287,5.707138385026979,-3.0
2025-09-10,10.0,47.0,14.0,2025,18.0,9,2021.857142857143,2004.0714285714287,4.017817456938676,-4.0
2025-09-11,12.0,38.0,29.0,2047,6.0,9,2025.7142857142858,2009.4285714285713,10.177004890725978,23.0
2025-09-14,7.0,39.0,13.0,2083,5.0,9,2034.857142857143,2016.7142857142858,23.355431711930326,8.0
2025-09-15,9.0,47.0,10.0,2086,10.0,9,2045.0,2024.2857142857142,28.207563996934194,0.0
2025-09-16,7.0,28.0,17.0,2095,12.0,9,2054.8571428571427,2031.857142857143,32.23056815794624,5.0
2025-09-17,7.0,38.0,5.0,2096,13.0,9,2065.0,2039.5714285714287,32.439687626545535,-8.0
2025-09-18,20.0,52.0,11.0,2096,14.0,9,2075.4285714285716,2047.5714285714287,28.13572546769651,-3.0
2025-09-21,8.0,35.0,13.0,2134,5.0,9,2091.0,2056.4285714285716,25.62550812454708,8.0
2025-09-22,17.0,40.0,14.0,2141,10.0,9,2104.4285714285716,2065.0714285714284,23.244046856351975,4.0
2025-09-23,11.0,36.0,10.0,2145,15.0,9,2113.285714285714,2074.0714285714284,25.427768847187693,-5.0
2025-09-24,3.0,38.0,12.0,2138,17.0,9,2120.714285714286,2082.8571428571427,23.66230677426344,-5.0
2025-09-25,6.0,35.0,12.0,2132,18.0,9,2126.0,2090.4285714285716,20.936411662649718,-6.0
2025-09-28,11.0,29.0,12.0,2146,9.0,9,2133.1428571428573,2099.0714285714284,17.18942088759263,3.0
2025-09-29,8.0,35.0,12.0,2148,13.0,9,2140.5714285714284,2108.0,6.160550375332378,-1.0
2025-09-30,8.0,32.0,12.0,2159,7.0,9,2144.1428571428573,2117.5714285714284,8.513294923284544,5.0
2025-10-01,4.0,33.0,12.0,2163,14.0,10,2147.285714285714,2125.8571428571427,10.88905085606934,-2.0
2025-10-02,20.0,51.0,15.0,2164,16.0,10,2150.0,2131.6428571428573,12.476644847125593,-1.0
2025-10-05,8.0,28.0,13.0,2180,16.0,10,2156.0,2138.3571428571427,15.481171358825259,-3.0
2025-10-06,5.0,33.0,15.0,2187,10.0,10,2163.8571428571427,2144.9285714285716,15.22529223969692,5.0
2025-10-07,11.0,45.0,4.0,2189,10.0,10,2170.0,2151.5714285714284,15.491933384011682,-6.0
2025-10-08,8.0,49.0,15.0,2192,17.0,10,2176.285714285714,2158.4285714285716,13.92496900820339,-2.0
2025-10-09,11.0,55.0,13.0,2192,12.0,10,2181.0,2162.5714285714284,12.62273081817092,1.0
2025-10-13,8.0,24.0,7.0,2223,6.0,10,2189.5714285714284,2168.4285714285716,17.709292690385055,1.0
2025-10-14,7.0,30.0,16.0,2235,8.0,10,2199.714285714286,2174.8571428571427,20.701966779659436,8.0
2025-10-15,8.0,29.0,10.0,2225,15.0,10,2206.1428571428573,2181.0714285714284,20.54611537779254,-5.0
2025-10-16,9.0,33.0,15.0,2233,9.0,10,2212.714285714286,2188.285714285714,20.75824563587874,6.0
2025-10-19,9.0,34.0,17.0,2237,7.0,10,2219.5714285714284,2194.785714285714,19.50946046393337,10.0
2025-10-20,10.0,39.0,6.0,2243,7.0,10,2226.8571428571427,2201.5714285714284,16.83675118456464,-1.0
2025-10-21,13.0,39.0,17.0,2251,9.0,10,2235.285714285714,2208.1428571428573,9.759000728192833,8.0
2025-10-22,12.0,42.0,13.0,2261,12.0,10,2240.714285714286,2215.1428571428573,12.079104349228567,1.0
2025-10-23,4.0,27.0,26.0,2266,18.0,10,2245.1428571428573,2222.4285714285716,14.971401307748737,8.0
2025-10-26,4.0,35.0,12.0,2276,10.0,10,2252.4285714285716,2229.285714285714,15.914952537175157,2.0
2025-10-27,2.0,31.0,8.0,2282,11.0,10,2259.4285714285716,2236.0714285714284,16.701867588004202,-3.0
2025-10-28,6.0,22.0,11.0,2286,6.0,10,2266.4285714285716,2243.0,15.988090805155965,5.0
2025-10-29,6.0,25.0,4.0,2280,17.0,10,2271.714285714286,2249.285714285714,12.737271890517754,-13.0
2025-10-30,3.0,17.0,14.0,2287,12.0,10,2276.8571428571427,2256.0714285714284,9.940297972616982,2.0
2025-11-02,5.0,21.0,10.0,2277,7.0,11,2279.1428571428573,2259.9285714285716,7.128079950759484,3.0
2025-11-03,3.0,28.0,5.0,2269,12.0,11,2279.5714285714284,2262.3571428571427,6.241184256795969,-7.0
2025-11-04,6.0,33.0,6.0,2270,8.0,11,2278.714285714286,2265.5714285714284,7.158079016956331,-2.0
2025-11-05,8.0,41.0,8.0,2272,7.0,11,2277.285714285714,2268.3571428571427,7.3872476976422545,1.0
2025-11-06,6.0,33.0,9.0,2264,19.0,11,2274.1428571428573,2270.285714285714,7.7336617319616625,-10.0
2025-11-09,11.0,33.0,5.0,2294,4.0,11,2276.1428571428573,2273.9285714285716,10.730463974952219,1.0
2025-11-11,11.0,39.0,12.0,2294,14.0,11,2277.1428571428573,2277.0,12.143977538314342,-2.0
2025-11-12,14.0,48.0,20.0,2302,7.0,11,2280.714285714286,2279.9285714285716,15.348336344579247,13.0
2025-11-13,6.0,26.0,16.0,2317,5.0,11,2287.5714285714284,2283.5714285714284,19.423843962013283,11.0
2025-11-16,5.0,22.0,3.0,2340,5.0,11,2297.5714285714284,2288.1428571428573,25.83187399823473,-2.0
2025-11-17,1.0,35.0,6.0,2343,8.0,11,2307.714285714286,2292.5,27.968519717945203,-2.0
2025-11-18,2.0,38.0,8.0,2345,12.0,11,2319.285714285714,2296.714285714286,23.221500709754338,-4.0
2025-11-19,7.0,32.0,3.0,2340,10.0,11,2325.8571428571427,2301.0,21.302805537876047,-7.0
2025-11-20,18.0,57.0,8.0,2340,9.0,11,2332.4285714285716,2304.785714285714,16.359066220114602,-1.0
2025-11-23,3.0,46.0,22.0,2375,1.0,11,2342.8571428571427,2311.785714285714,16.98458684958941,21.0
2025-11-24,9.0,40.0,9.0,2371,13.0,11,2350.5714285714284,2319.0714285714284,15.479633315880104,-4.0
2025-11-25,6.0,47.0,14.0,2375,11.0,11,2355.5714285714284,2326.5714285714284,17.067094487954712,3.0
2025-11-27,4.0,24.0,8.0,2389,7.0,11,2362.1428571428573,2334.9285714285716,20.02022786545114,1.0
2025-11-30,4.0,18.0,10.0,2415,0.0,11,2372.1428571428573,2345.714285714286,26.472807251679864,10.0
2025-12-01,4.0,26.0,4.0,2410,9.0,12,2382.1428571428573,2354.0,25.51096869553568,-5.0
2025-12-02,7.0,34.0,6.0,2407,8.0,12,2391.714285714286,2362.0714285714284,18.73245210536632,-2.0
2025-12-03,4.0,32.0,8.0,2419,7.0,12,2398.0,2370.4285714285716,19.553345834112744,1.0
2025-12-04,16.0,39.0,7.0,2418,13.0,12,2404.714285714286,2377.6428571428573,16.58025216574955,-6.0
2025-12-07,4.0,24.0,13.0,2429,12.0,12,2412.4285714285716,2384.0,12.514753197491558,1.0
2025-12-08,9.0,27.0,9.0,2440,4.0,12,2419.714285714286,2390.9285714285716,11.397577017938398,5.0
2025-12-09,4.0,30.0,7.0,2443,8.0,12,2423.714285714286,2397.9285714285716,14.06786273318862,-1.0
2025-12-10,10.0,54.0,5.0,2439,9.0,12,2427.8571428571427,2405.0,13.61896436779486,-4.0
2025-12-11,7.0,47.0,9.0,2437,10.0,12,2432.1428571428573,2411.9285714285716,10.27016019598859,-1.0
2025-12-14,8.0,35.0,4.0,2462,8.0,12,2438.285714285714,2418.1428571428573,13.462469877892984,-4.0
2025-12-15,11.0,42.0,9.0,2470,7.0,12,2445.714285714286,2425.214285714286,14.693698032824946,2.0
2025-12-16,8.0,54.0,15.0,2468,9.0,12,2451.285714285714,2431.8571428571427,14.693698032824946,6.0
2025-12-17,7.0,31.0,11.0,2481,10.0,12,2457.1428571428573,2438.4285714285716,17.372665995310214,1.0
2025-12-18,11.0,50.0,6.0,2472,16.0,12,2461.285714285714,2442.5,16.888993315564516,-10.0
2025-12-21,6.0,18.0,11.0,2484,14.0,12,2467.714285714286,2447.785714285714,15.499615969861617,-3.0
